優先度,日本語,品詞,カテゴリ,英単語,カタカナ読み,過去形,過去分詞,類義語
2133,兄,名詞,日常生活,older brother,オルダーブラザー,,,
2134,姉,名詞,日常生活,older sister,オルダーシスター,,,
2135,弟,名詞,日常生活,younger brother,ヤンガーブラザー,,,
2136,妹,名詞,日常生活,younger sister,ヤンガーシスター,,,
2137,小学生,名詞,教育,elementary school student,エレメンタリースクールスチューデント,,,
2138,中学生,名詞,教育,junior high school student,ジュニアハイスクールスチューデント,,,
2139,高校生,名詞,教育,high school student,ハイスクールスチューデント,,,
2140,大学生,名詞,教育,university student,ユニバーシティスチューデント,,,
2141,社会人,名詞,社会,working adult,ワーキングアダルト,,,
2142,人格,名詞,抽象概念,personality (character),パーソナリティ,,,
2143,形成,名詞,抽象概念,formation,フォーメーション,,,
2144,形成する,動詞,抽象概念,form (shape),フォーム,formed (shape),formed (shape),shape
2145,時期,名詞,基本名詞,period (time),ピリオド,,,timing
2146,衝撃,名詞,抽象概念,shock (impact),ショック,,,impact
2147,物語,名詞,趣味,story (tale),ストーリー,,,narrative
2148,中心,名詞,基本名詞,center,センター,,,core
2149,進行,名詞,抽象概念,progression,プログレッション,,,advancement
2150,進行する,動詞,抽象概念,proceed,プロシード,proceeded,proceeded,advance
2151,感覚,名詞,抽象概念,sense (feeling),センス,,,perception
2152,記憶,名詞,抽象概念,memory,メモリー,,,
2153,思い出,名詞,感情,recollection,レコレクション,,,memory
2154,出来事,名詞,基本名詞,happening,ハプニング,,,event
2155,現象,名詞,抽象概念,phenomenon,フェノメノン,,,
2156,本質,名詞,抽象概念,essence,エッセンス,,,
2157,属性,名詞,抽象概念,attribute,アトリビュート,,,
2158,背景,名詞,抽象概念,background,バックグラウンド,,,
2159,前提,名詞,抽象概念,premise,プレミス,,,assumption
2160,根拠,名詞,抽象概念,basis,ベイシス,,,grounds
2161,論点,名詞,抽象概念,point of argument,ポイントオブアーギュメント,,,
2162,主題,名詞,趣味,theme,シーム,,,
2163,題材,名詞,趣味,subject matter,サブジェクトマター,,,
2164,概要,名詞,ビジネス,overview,オーバービュー,,,summary
2165,要点,名詞,ビジネス,key point,キーポイント,,,gist
2166,詳細,名詞,ビジネス,details,ディテールズ,,,specifics
2167,概念,名詞,教育,concept,コンセプト,,,
2168,定義,名詞,教育,definition,デフィニション,,,
2169,用語,名詞,教育,terminology,ターミノロジー,,,
2170,専門用語,名詞,教育,jargon,ジャーゴン,,,technical terms
2171,略語,名詞,教育,abbreviation,アブリビエーション,,,
2172,比喩,名詞,教育,metaphor,メタファー,,,
2173,象徴,名詞,抽象概念,symbol,シンボル,,,
2174,暗示,名詞,抽象概念,implication,インプリケーション,,,hint
2175,強調,名詞,ビジネス,emphasis,エンファシス,,,stress
2176,指摘,名詞,ビジネス,pointing out,ポインティングアウト,,,remark
2177,木材,名詞,日常生活,wood (material),ウッド,,,lumber
2178,金属,名詞,日常生活,metal,メタル,,,
2179,プラスチック,名詞,日常生活,plastic,プラスチック,,,
2180,ガラス,名詞,日常生活,glass (material),グラスマテリアル,,,
2181,ゴム,名詞,日常生活,rubber,ラバー,,,
2182,布,名詞,日常生活,cloth,クロス,,,fabric
2183,皮革,名詞,日常生活,leather,レザー,,,
2184,紙,名詞,日常生活,paper,ペーパー,,,
2185,石材,名詞,日常生活,stonework,ストーンワーク,,,masonry
2186,陶器,名詞,日常生活,ceramics,セラミックス,,,pottery
2187,情緒,名詞,感情,emotion,エモーション,,,
2188,気分,名詞,感情,mood,ムード,,,
2189,機嫌,名詞,感情,temper,テンパー,,,humor
2190,心境,名詞,感情,state of mind,ステートオブマインド,,,
2191,葛藤,名詞,感情,inner conflict,インナーコンフリクト,,,turmoil
2192,動揺,名詞,感情,agitation,アジテーション,,,upset
2193,安らぎ,名詞,感情,serenity,セレニティ,,,peace of mind
2194,焦り,名詞,感情,impatience,インペイシェンス,,,
2195,戸惑い,名詞,感情,bewilderment,ビワイルダーメント,,,confusion
2196,満足感,名詞,感情,sense of fulfillment,センスオブフルフィルメント,,,
2197,考え直す,動詞,抽象概念,reconsider,リコンシダー,reconsidered,reconsidered,rethink
2198,見直す,動詞,ビジネス,reassess,リアセス,reassessed,reassessed,re-examine
2199,思いつく,動詞,抽象概念,come up with,カムアップウィズ,came up with,come up with,
2200,気に入る,動詞,感情,take a liking to,テイクアライキングトゥ,took a liking to,taken a liking to,
2201,役立つ,動詞,抽象概念,be useful,ビーユースフル,was useful,been useful,help
2202,気をつける,動詞,日常生活,be careful,ビーケアフル,was careful,been careful,watch out
2203,仲良くする,動詞,社会,get along with,ゲットアロングウィズ,got along with,gotten along with,befriend
2204,支える,動詞,社会,support (prop up),サポート,supported,supported,hold up
2205,乗り越える,動詞,抽象概念,get through,ゲットスルー,got through,gotten through,overcome
2206,楽しみにする,動詞,感情,look forward to,ルックフォワードトゥ,looked forward to,looked forward to,
2207,習い事,名詞,教育,extracurricular lesson,エクストラカリキュラーレッスン,,,
2208,部活,名詞,教育,club activity,クラブアクティビティ,,,
2209,生徒会,名詞,教育,student council,スチューデントカウンシル,,,
2210,文化祭,名詞,教育,school festival,スクールフェスティバル,,,
2211,体育祭,名詞,教育,sports festival,スポーツフェスティバル,,,
2212,修学旅行,名詞,教育,educational trip,エデュケーショナルトリップ,,,school excursion
2213,卒業アルバム,名詞,教育,yearbook,イヤーブック,,,
2214,通学,名詞,教育,commuting to school,コミューティングトゥスクール,,,
2215,下校,名詞,教育,leaving school,リービングスクール,,,
2216,登校,名詞,教育,going to school,ゴーイングトゥスクール,,,
2217,授業参観,名詞,教育,class observation,クラスオブザベーション,,,
2218,保護者,名詞,教育,guardian (parent),ガーディアン,,,
2219,担任,名詞,教育,homeroom teacher,ホームルームティーチャー,,,
2220,校長,名詞,教育,principal,プリンシパル,,,headmaster
2221,教頭,名詞,教育,vice principal,バイスプリンシパル,,,
2222,部長,名詞,教育,team captain,チームキャプテン,,,club leader
2223,幹事,名詞,ビジネス,organizer (event),オーガナイザー,,,coordinator
2224,顧問,名詞,教育,advisor (club),アドバイザー,,,
2225,同級生,名詞,教育,grade-mate,グレードメイト,,,classmate
2226,恩師,名詞,教育,respected teacher,リスペクテッドティーチャー,,,mentor teacher
2227,母校,名詞,教育,alma mater,アルママーター,,,
2228,進路,名詞,教育,career path,キャリアパス,,,
2229,進路指導,名詞,教育,career guidance,キャリアガイダンス,,,
2230,就活,名詞,ビジネス,job hunting,ジョブハンティング,,,job search
2231,面接官,名詞,ビジネス,interviewer,インタビュアー,,,
2232,内定,名詞,ビジネス,job offer,ジョブオファー,,,informal offer
2233,開発者,名詞,ビジネス,developer,デベロッパー,,,
2234,プロデューサー,名詞,ビジネス,producer,プロデューサー,,,
2235,ディレクター,名詞,ビジネス,director (game),ディレクター,,,
2236,シナリオライター,名詞,ビジネス,scenario writer,シナリオライター,,,
2237,キャラクターデザイナー,名詞,ビジネス,character designer,キャラクターデザイナー,,,
2238,声優,名詞,趣味,voice actor,ボイスアクター,,,
2239,作曲家,名詞,趣味,composer (music),コンポーザー,,,
2240,イラストレーター,名詞,趣味,illustrator,イラストレーター,,,
2241,プログラマー,名詞,テクノロジー,programmer,プログラマー,,,
2242,パブリッシャー,名詞,ビジネス,game publisher,ゲームパブリッシャー,,,
2243,続編,名詞,趣味,sequel,シークエル,,,
2244,前作,名詞,趣味,previous installment,プレビアスインスタルメント,,,
2245,新作,名詞,趣味,new release,ニューリリース,,,
2246,発売日,名詞,ビジネス,release date,リリースデート,,,
2247,予約特典,名詞,ビジネス,pre-order bonus,プリオーダーボーナス,,,
2248,体験版,名詞,趣味,demo version,デモバージョン,,,trial version
2249,攻略,名詞,趣味,strategy guide,ストラテジーガイド,,,walkthrough
2250,裏技,名詞,趣味,hidden trick,ヒドゥントリック,,,secret technique
2251,隠しキャラ,名詞,趣味,hidden character,ヒドゥンキャラクター,,,
2252,ラスボス,名詞,趣味,final boss,ファイナルボス,,,
2253,セーブ,名詞,趣味,save (game),ゲームセーブ,,,
2254,ロード,名詞,趣味,load (game),ゲームロード,,,
2255,アップデート版,名詞,テクノロジー,game patch,ゲームパッチ,,,
2256,プレイスルー,名詞,趣味,playthrough,プレイスルー,,,
2257,難易度,名詞,趣味,difficulty (game),ディフィカルティ,,,
2258,チェックポイント,名詞,趣味,checkpoint,チェックポイント,,,
2259,リスポーン,名詞,趣味,respawn,リスポーン,,,
2260,実績,名詞,趣味,achievement (game),アチーブメント,,,
2261,トロフィー,名詞,趣味,trophy (game),トロフィー,,,
2262,リーダーボード,名詞,趣味,leaderboard,リーダーボード,,,ranking board
2263,取材,名詞,ビジネス,coverage (reporting),カバレッジ,,,reporting
2264,編集部,名詞,ビジネス,editorial department,エディトリアルデパートメント,,,
2265,連載,名詞,趣味,serialization,シリアライゼーション,,,
2266,コラム,名詞,趣味,column (writing),コラム,,,
2267,寄稿,名詞,趣味,contribution (writing),コントリビューション,,,
2268,匿名,名詞,社会,anonymity,アノニミティ,,,
2269,実名,名詞,社会,real name,リアルネーム,,,
2270,掲載,名詞,ビジネス,publication (being published),パブリケーション,,,
2271,配信,名詞,テクノロジー,streaming (distribution),ストリーミング,,,
2272,プレスリリース,名詞,ビジネス,press release,プレスリリース,,,
2273,感想,名詞,趣味,thoughts (opinion),ソウツ,,,review comment
2274,賛否両論,名詞,社会,mixed reactions,ミックストリアクションズ,,,
2275,反響,名詞,社会,public reaction,パブリックリアクション,,,response
2276,話題,名詞,社会,topic of conversation,トピックオブカンバセーション,,,
2277,炎上,名詞,社会,online backlash,オンラインバックラッシュ,,,
2278,バズる,動詞,社会,go viral,ゴーバイラル,went viral,gone viral,
2279,話題性,名詞,社会,buzz,バズ,,,
2280,リツイート,名詞,テクノロジー,retweet,リツイート,,,
2281,コメント欄,名詞,テクノロジー,comment section,コメントセクション,,,
2282,匿名投稿,名詞,テクノロジー,anonymous post,アノニマスポスト,,,
2283,感動,名詞,感情,being moved (touched),ビーイングムーブド,,,being touched
2284,共感,名詞,感情,empathy,エンパシー,,,relating to
2285,違和感,名詞,感情,sense of discomfort,センスオブディスコンフォート,,,wrongness
2286,手応え,名詞,感情,sense of response,センスオブレスポンス,,,feedback
2287,醍醐味,名詞,感情,true pleasure,トゥループレジャー,,,essence of enjoyment
2288,こだわり,名詞,感情,particular attention to detail,パティキュラーアテンション,,,commitment
2289,覚悟,名詞,感情,resolve (readiness),リゾルブ,,,determination to face
2290,驚き,名詞,感情,astonishment,アストニッシュメント,,,amazement
2291,妥協,名詞,ビジネス,compromise,コンプロマイズ,,,
2292,信念,名詞,感情,firm belief,ファームビリーフ,,,conviction
2293,感受性,名詞,感情,sensitivity,センシティビティ,,,
2294,個性,名詞,感情,individuality,インディビジュアリティ,,,
2295,独自性,名詞,感情,originality,オリジナリティ,,,
2296,斬新さ,名詞,感情,novelty,ノベルティ,,,freshness
2297,独特さ,名詞,感情,uniqueness,ユニークネス,,,distinctiveness
2298,創造性,名詞,抽象概念,creativity,クリエイティビティ,,,
2299,芸術性,名詞,抽象概念,artistic sense,アーティスティックセンス,,,
2300,世界観,名詞,趣味,worldview (setting),ワールドビュー,,,fictional universe
2301,雰囲気,名詞,抽象概念,atmosphere (mood),アトモスフィア,,,vibe
2302,美的感覚,名詞,趣味,aesthetic sense,エステティックセンス,,,
2303,主人公,名詞,趣味,protagonist,プロタゴニスト,,,main character
2304,敵役,名詞,趣味,villain,ヴィラン,,,antagonist
2305,脇役,名詞,趣味,supporting character,サポーティングキャラクター,,,side character
2306,伏線,名詞,趣味,foreshadowing,フォーシャドーイング,,,
2307,結末,名詞,趣味,ending (story),エンディング,,,conclusion
2308,どんでん返し,名詞,趣味,plot twist,プロットツイスト,,,
2309,クライマックス,名詞,趣味,climax,クライマックス,,,
2310,エピローグ,名詞,趣味,epilogue,エピローグ,,,
2311,プロローグ,名詞,趣味,prologue,プロローグ,,,
2312,舞台設定,名詞,趣味,story setting,ストーリーセッティング,,,
2313,苛立ち,名詞,感情,irritation,イリテーション,,,annoyance
2314,寂しさ,名詞,感情,loneliness,ロンリネス,,,
2315,虚しさ,名詞,感情,emptiness,エンプティネス,,,hollowness
2316,切なさ,名詞,感情,longing,ロンギング,,,wistfulness
2317,懐かしさ,名詞,感情,nostalgia,ノスタルジア,,,
2318,ワクワク感,名詞,感情,thrill of anticipation,スリルオブアンティシペーション,,,excitement
2319,温かさ,名詞,感情,warmth (emotional),ウォームス,,,
2320,冷たさ,名詞,感情,coldness (emotional),コールドネス,,,
2321,安心感,名詞,感情,sense of ease,センスオブイーズ,,,peace of mind
2322,緊張感,名詞,感情,tension (emotional),テンション,,,
2323,ジャンル,名詞,趣味,genre,ジャンル,,,
2324,原作,名詞,趣味,original work,オリジナルワーク,,,source material
2325,原作者,名詞,ビジネス,original creator,オリジナルクリエーター,,,
2326,脚本,名詞,趣味,script (screenplay),スクリプト,,,screenplay
2327,脚本家,名詞,ビジネス,screenwriter,スクリーンライター,,,
2328,アニメ,名詞,趣味,anime,アニメ,,,
2329,漫画家,名詞,ビジネス,manga artist,マンガアーティスト,,,
2330,ファンアート,名詞,趣味,fan art,ファンアート,,,
2331,コラボ,名詞,ビジネス,collaboration (collab),コラボレーション,,,
2332,グッズ,名詞,ビジネス,merchandise,マーチャンダイス,,,
2333,疑問,名詞,抽象概念,uncertainty (doubt),アンサートゥンティ,,,question
2334,自然,名詞,自然,nature,ネイチャー,,,
2335,賛成,名詞,社会,support (approval),サポート,,,agreement
2336,反対,名詞,社会,objection,オブジェクション,,,disagreement
2337,言語,名詞,教育,language,ランゲージ,,,
2338,基盤,名詞,ビジネス,infrastructure (base),インフラストラクチャー,,,foundation
2339,移行,名詞,ビジネス,transition,トランジション,,,migration
2340,動き,名詞,基本名詞,movement,ムーブメント,,,motion
2341,実施,名詞,ビジネス,implementation,インプリメンテーション,,,execution
2342,制御,名詞,テクノロジー,control,コントロール,,,
2343,可能,名詞,抽象概念,feasibility,フィージビリティ,,,possibility
2344,不可能,名詞,抽象概念,impossibility,インポッシビリティ,,,
2345,従来,名詞,ビジネス,convention (existing practice),コンベンション,,,status quo
2346,使用,名詞,日常生活,usage,ユーセージ,,,
2347,追加,名詞,ビジネス,addition (extra),エクストラアディション,,,supplement
2348,照射,名詞,テクノロジー,irradiation,イラディエーション,,,exposure
2349,有効,名詞,ビジネス,validity,バリディティ,,,effectiveness
2350,無効,名詞,ビジネス,invalidity,インバリディティ,,,
2351,現状,名詞,ビジネス,current state,カレントステート,,,status quo
2352,対象,名詞,ビジネス,subject (target),サブジェクト,,,object
2353,該当,名詞,ビジネス,applicable case,アプリカブルケース,,,relevant case
2354,新しい,形容詞,基本形容詞,new,ニュー,,,
2355,古い,形容詞,基本形容詞,old,オールド,,,
2356,大きい,形容詞,基本形容詞,big,ビッグ,,,large
2357,小さい,形容詞,基本形容詞,small,スモール,,,little
2358,高い,形容詞,基本形容詞,high,ハイ,,,tall,expensive
2359,低い,形容詞,基本形容詞,low,ロー,,,
2360,長い,形容詞,基本形容詞,long,ロング,,,
2361,短い,形容詞,基本形容詞,short,ショート,,,
2362,広い,形容詞,基本形容詞,wide,ワイド,,,spacious
2363,狭い,形容詞,基本形容詞,cramped,クランプド,,,narrow
2364,多い,形容詞,基本形容詞,many,メニー,,,numerous
2365,少ない,形容詞,基本形容詞,scarce (few),スカース,,,
2366,良い,形容詞,基本形容詞,good,グッド,,,
2367,悪い,形容詞,基本形容詞,bad,バッド,,,
2368,強い,形容詞,基本形容詞,strong,ストロング,,,
2369,弱い,形容詞,基本形容詞,weak,ウィーク,,,
2370,早い,形容詞,基本形容詞,early,アーリー,,,
2371,速い,形容詞,基本形容詞,fast,ファスト,,,quick
2372,遅い,形容詞,基本形容詞,late (slow),レイト,,,
2373,近い,形容詞,基本形容詞,near,ニア,,,close
2374,遠い,形容詞,基本形容詞,far,ファー,,,distant
2375,重い,形容詞,基本形容詞,heavy,ヘビー,,,
2376,軽い,形容詞,基本形容詞,light (weight),ライト,,,
2377,厚い,形容詞,基本形容詞,thick,シック,,,
2378,薄い,形容詞,基本形容詞,thin,シン,,,
2379,深い,形容詞,基本形容詞,deep,ディープ,,,
2380,浅い,形容詞,基本形容詞,shallow,シャロー,,,
2381,明るい,形容詞,基本形容詞,bright,ブライト,,,
2382,暗い,形容詞,基本形容詞,dark,ダーク,,,
2383,暖かい,形容詞,基本形容詞,warm,ウォーム,,,
2384,寒い,形容詞,基本形容詞,cold (weather),コールド,,,
2385,熱い,形容詞,基本形容詞,hot,ホット,,,
2386,冷たい,形容詞,基本形容詞,cold (touch),コールドタッチ,,,
2387,美しい,形容詞,基本形容詞,beautiful,ビューティフル,,,
2388,汚い,形容詞,基本形容詞,dirty,ダーティ,,,filthy
2389,難しい,形容詞,基本形容詞,difficult,ディフィカルト,,,hard
2390,易しい,形容詞,基本形容詞,easy,イージー,,,simple
2391,楽しい,形容詞,基本形容詞,fun,ファン,,,enjoyable
2392,悲しい,形容詞,基本形容詞,sad,サッド,,,
2393,嬉しい,形容詞,基本形容詞,happy,ハッピー,,,glad
2394,寂しい,形容詞,基本形容詞,lonely,ロンリー,,,
2395,怖い,形容詞,基本形容詞,scary,スケアリー,,,frightening
2396,危ない,形容詞,基本形容詞,dangerous,デンジャラス,,,risky
2397,忙しい,形容詞,基本形容詞,busy,ビジー,,,
2398,面白い,形容詞,基本形容詞,interesting,インタレスティング,,,fun
2399,つまらない,形容詞,基本形容詞,boring,ボーリング,,,dull
2400,かわいい,形容詞,基本形容詞,cute,キュート,,,adorable
2401,かっこいい,形容詞,基本形容詞,cool (stylish),クール,,,stylish
2402,優しい,形容詞,基本形容詞,gentle,ジェントル,,,kind-hearted
2403,厳しい,形容詞,基本形容詞,strict,ストリクト,,,harsh
2404,痛い,形容詞,基本形容詞,painful (physical),ペインフル,,,sore
2405,眠い,形容詞,基本形容詞,sleepy,スリーピー,,,drowsy
2406,苦しい,形容詞,基本形容詞,painful (suffering),サファリング,,,tough
2407,恥ずかしい,形容詞,基本形容詞,embarrassing,エンバラシング,,,ashamed
2408,懐かしい,形容詞,基本形容詞,nostalgic,ノスタルジック,,,
2409,珍しい,形容詞,基本形容詞,rare,レア,,,unusual
2410,詳しい,形容詞,基本形容詞,detailed,ディテールド,,,knowledgeable
2411,正しい,形容詞,基本形容詞,correct,コレクト,,,right
2412,若い,形容詞,基本形容詞,young,ヤング,,,
2413,親しい,形容詞,基本形容詞,close (friendly),クロース,,,intimate
2414,激しい,形容詞,基本形容詞,intense,インテンス,,,fierce
2415,辛い,形容詞,基本形容詞,spicy,スパイシー,,,hot (taste)
2416,甘い,形容詞,基本形容詞,sweet,スイート,,,
2417,苦い,形容詞,基本形容詞,bitter,ビター,,,
2418,硬い,形容詞,基本形容詞,hard (firm),ハード,,,firm
2419,柔らかい,形容詞,基本形容詞,soft,ソフト,,,
2420,鋭い,形容詞,基本形容詞,sharp,シャープ,,,
2421,鈍い,形容詞,基本形容詞,dull,ダル,,,slow-witted
2422,うまい,形容詞,基本形容詞,delicious,デリシャス,,,skillful
2423,まずい,形容詞,基本形容詞,bad-tasting,バッドテイスティング,,,unpleasant
2424,探索,名詞,趣味,exploration,エクスプロレーション,,,
2425,移動,名詞,日常生活,transit,トランジット,,,
2426,到着,名詞,日常生活,arrival,アライバル,,,
2427,待機,名詞,ビジネス,standby,スタンバイ,,,
2428,制約,名詞,ビジネス,constraint,コンストレイント,,,
2429,解放,名詞,抽象概念,liberation,リベレーション,,,release
2430,調整,名詞,ビジネス,adjustment,アジャストメント,,,
2431,発売,名詞,ビジネス,release (sale),セール,,,launch
2432,延びる,動詞,ビジネス,be pushed back,ビープッシュトバック,was pushed back,been pushed back,be delayed
2433,順調,名詞,ビジネス,smooth progress,スムースプログレス,,,favorable
2435,納期,名詞,ビジネス,delivery deadline,デリバリーデッドライン,,,
2436,着手,名詞,ビジネス,initiation (of work),イニシエーション,,,start
2437,経緯,名詞,抽象概念,history,ヒストリー,,,background,circumstances
2438,携わる,動詞,ビジネス,engage in,エンゲージイン,engaged in,engaged in,take part in
2439,担当,名詞,ビジネス,being in charge,ビーイングインチャージ,,,charge
2440,収録,名詞,趣味,recording session,レコーディングセッション,,,
2441,限界,名詞,抽象概念,limit,リミット,,,
2442,超える,動詞,抽象概念,exceed,イクシード,exceeded,exceeded,go beyond
2443,変,名詞,感情,strangeness (oddness),ストレンジネス,,,weirdness
2444,構成,名詞,趣味,structure (composition),ストラクチャー,,,
2445,起用,名詞,ビジネス,casting (appointment),キャスティング,,,
2446,歴史,名詞,教育,chronicle,クロニクル,,,history
2447,記念,名詞,社会,commemoration,コメモレーション,,,
2448,苦労,名詞,感情,hardship,ハードシップ,,,trouble
2449,演技,名詞,趣味,acting (performance),アクティング,,,
2450,校正,名詞,ビジネス,proofreading,プルーフリーディング,,,
2451,発見,名詞,教育,discovery,ディスカバリー,,,
2452,再現,名詞,趣味,reproduction (recreation),リプロダクション,,,
2453,熱狂,名詞,感情,frenzy,フレンジー,,,enthusiasm
2454,貴重,名詞,抽象概念,preciousness (value),プレシャスネス,,,
2455,貢献,名詞,ビジネス,contribution (to a cause),コントリビューション,,,
2456,圧巻,名詞,趣味,breathtaking,ブレイクテイキング,,,highlight
2457,刷新,名詞,ビジネス,overhaul,オーバーホール,,,revamp
2458,迫力,名詞,趣味,impact,インパクト,,,power
2459,心地よい,形容詞,基本形容詞,pleasant,プレザント,,,comfortable
2460,快感,名詞,感情,pleasure,プレジャー,,,gratification
2461,育成,名詞,趣味,training (character development),キャラクタートレーニング,,,nurturing
2462,編成,名詞,趣味,lineup (formation),ラインナップ,,,organization
2463,試行錯誤,名詞,抽象概念,trial and error,トライアルアンドエラー,,,
2464,幅,名詞,基本名詞,range (width),レンジ,,,scope
2465,継承,名詞,抽象概念,succession (inheritance),サクセッション,,,
2466,融合,名詞,抽象概念,fusion,フュージョン,,,blend
2467,圧倒,名詞,感情,overwhelm,オーバーウェルム,,,
2468,没頭,名詞,感情,immersion,イマージョン,,,absorption
2469,王道,名詞,趣味,mainstream approach,メインストリームアプローチ,,,classic path
2470,手触り,名詞,趣味,tactile feel,タクタイルフィール,,,texture
2471,引き継ぎ,名詞,ビジネス,carryover,キャリーオーバー,,,handover
2472,絵柄,名詞,趣味,art style,アートスタイル,,,
2473,出来栄え,名詞,趣味,workmanship,ワークマンシップ,,,finished quality
2474,熱量,名詞,感情,intensity (energy),インテンシティ,,,fervor
2475,味わい,名詞,趣味,flavor (nuance),フレーバー,,,taste
2476,工夫,名詞,抽象概念,ingenuity,インジェニュイティ,,,creative device
2477,姿勢,名詞,抽象概念,stance,スタンス,,,attitude
2478,予感,名詞,感情,premonition,プリモニション,,,feeling
2479,傑作,名詞,趣味,masterpiece,マスターピース,,,
2480,台詞,名詞,趣味,line (dialogue),ダイアログライン,,,
2481,所属,名詞,ビジネス,affiliation,アフィリエーション,,,
2482,登場,名詞,趣味,appearance (entrance),アピアランス,,,entrance
2483,思い出す,動詞,抽象概念,recall,リコール,recalled,recalled,remember
2484,必要,名詞,抽象概念,need (necessity),ニード,,,necessity
2485,妄想,名詞,感情,fantasy (delusion),ファンタジー,,,delusion
2486,言葉,名詞,基本名詞,word,ワード,,,expression
2487,挑発する,動詞,社会,provoke,プロヴォーク,provoked,provoked,taunt
2488,挑発,名詞,社会,provocation,プロヴォケーション,,,taunt
2489,威圧,名詞,社会,intimidation,インティミデーション,,,coercion
2490,名言,名詞,趣味,famous quote,フェイマスクオート,,,memorable line
2491,人生,名詞,基本名詞,life (one's life),ライフ,,,
2492,基本的,名詞,抽象概念,basic (fundamental),ベーシック,,,fundamental
2493,基本,名詞,抽象概念,fundamentals,ファンダメンタルズ,,,basics
2494,視聴,名詞,趣味,viewing (watching),ビューイング,,,
2495,革命,名詞,社会,revolution,レボリューション,,,
2496,見事,名詞,趣味,magnificence,マグニフィセンス,,,splendor
2497,定番,名詞,ビジネス,staple item,ステープルアイテム,,,classic choice
2498,魅力,名詞,趣味,charm (appeal),チャーム,,,attraction
2499,作品,名詞,趣味,creative work,クリエイティブワーク,,,piece of work
2500,楽曲,名詞,趣味,musical piece,ミュージカルピース,,,song
2501,綺麗,名詞,趣味,prettiness (cleanliness),プリティネス,,,neatness
2502,特別,名詞,抽象概念,specialness,スペシャルネス,,,
2503,感情,名詞,感情,feelings (emotion),フィーリングズ,,,
2504,可愛い,形容詞,基本形容詞,adorable,アドラブル,,,cute
2505,純粋,名詞,感情,purity,ピュリティ,,,innocence
2506,傷,名詞,健康,wound (scratch),ウーンド,,,cut
2507,心,名詞,感情,heart (mind),ハート,,,mind
2508,夢中,名詞,感情,engrossment,エングロスメント,,,absorption
2509,反応,名詞,抽象概念,reaction,リアクション,,,
2510,攻撃,名詞,趣味,attack,アタック,,,assault
2511,参照,名詞,ビジネス,reference,レファレンス,,,
2512,発動,名詞,趣味,activation,アクティベーション,,,
2513,戦い,名詞,趣味,battle,バトル,,,
2514,合同,名詞,ビジネス,combined effort,コンバインドエフォート,,,joint
2515,社員,名詞,ビジネス,company employee,カンパニーエンプロイー,,,
2516,開催,名詞,ビジネス,hosting (an event),ホスティング,,,holding
2517,特定,名詞,ビジネス,identification (specifying),アイデンティフィケーション,,,specification
2518,衝突,名詞,社会,collision,コリジョン,,,clash
2519,導入,名詞,ビジネス,adoption (introducing),アドプション,,,
2520,変身,名詞,趣味,transformation,トランスフォーメーション,,,
2521,蓄積,名詞,ビジネス,buildup,ビルドアップ,,,accumulation
2522,倒す,動詞,趣味,defeat,ディフィート,defeated,defeated,knock down
2523,仕組み,名詞,抽象概念,mechanism,メカニズム,,,structure
2524,用意,名詞,日常生活,getting ready,ゲッティングレディ,,,readying
2525,演出,名詞,趣味,staging (presentation),ステージング,,,
2526,技,名詞,趣味,technique (skill move),テクニック,,,
2527,変化,名詞,抽象概念,change (noun),チェンジ,,,shift
2528,通常,名詞,ビジネス,the norm,ノーム,,,usual
2529,自動,名詞,テクノロジー,automatic,オートマティック,,,
2530,迷い,名詞,感情,hesitation,ヘジテーション,,,indecision
2531,選べる,動詞,趣味,selectable,セレクタブル,,,choosable
2532,出展,名詞,ビジネス,exhibiting (at a show),エキシビティング,,,
2533,仕様,名詞,テクノロジー,specifications,スペシフィケーションズ,,,specs
2534,武器,名詞,趣味,weapon,ウェポン,,,
2535,特殊,名詞,抽象概念,peculiarity (special),ペキュリアリティ,,,uniqueness
2536,要素,名詞,抽象概念,factor (component),ファクター,,,element
2537,弱点,名詞,趣味,weak point,ウィークポイント,,,weakness
2538,感触,名詞,趣味,sensation (feel),センセーション,,,
2539,機種,名詞,テクノロジー,model (device type),モデル,,,
2540,公開,名詞,ビジネス,public release,パブリックリリース,,,disclosure
2541,初心者,名詞,教育,beginner,ビギナー,,,novice
2542,機会,名詞,ビジネス,opportunity,オポチュニティ,,,chance
2543,体制,名詞,ビジネス,system (organizational),オーガニゼーショナルシステム,,,structure
2544,意見,名詞,社会,opinion,オピニオン,,,viewpoint
2545,投稿,名詞,テクノロジー,post (online),オンラインポスト,,,submission
2546,表情,名詞,感情,facial expression,フェイシャルエクスプレッション,,,
2547,耐久,名詞,ビジネス,durability,デュラビリティ,,,endurance
2548,強化,名詞,ビジネス,reinforcement,リインフォースメント,,,strengthening
2549,体験,名詞,趣味,hands-on experience,ハンズオンエクスペリエンス,,,
2550,装着,名詞,テクノロジー,equipping,イクイッピング,,,attachment
2551,方針,名詞,ビジネス,policy (direction),ポリシー,,,guideline
2552,制作,名詞,趣味,production (creative),クリエイティブプロダクション,,,
2553,簡単,名詞,抽象概念,simplicity,シンプリシティ,,,ease
2554,仕掛け,名詞,趣味,gimmick,ギミック,,,trick
2555,設計,名詞,ビジネス,engineering design,エンジニアリングデザイン,,,
2556,奥行き,名詞,抽象概念,depth,デプス,,,
2557,機能,名詞,テクノロジー,function (feature),フィーチャー,,,
2558,計測,名詞,テクノロジー,measurement,メジャーメント,,,metering
2559,最適化,名詞,テクノロジー,optimization,オプティマイゼーション,,,
2560,読み込み,名詞,テクノロジー,loading (data),ローディング,,,
2561,重要,名詞,抽象概念,criticality,クリティカリティ,,,importance
2562,分野,名詞,教育,field (domain),ドメイン,,,area of study
2563,指標,名詞,ビジネス,indicator (metric),インディケーター,,,benchmark
2564,表示,名詞,テクノロジー,display (on-screen),オンスクリーンディスプレイ,,,
2565,主要,名詞,抽象概念,principal (main),プリンシパル,,,leading
2566,予期,名詞,抽象概念,anticipation,アンティシペーション,,,expectation
2567,予測,名詞,ビジネス,forecast,フォーキャスト,,,prediction
2568,操作,名詞,テクノロジー,manipulation (controls),マニピュレーション,,,handling
2569,領域,名詞,抽象概念,domain (territory),ドメインテリトリー,,,realm
2570,数値化,名詞,テクノロジー,quantification,クオンティフィケーション,,,
2571,良好,名詞,抽象概念,favorable (good condition),フェイバラブル,,,
2572,累積,名詞,ビジネス,cumulative total,キュムラティブトータル,,,accumulation
2573,動的,名詞,テクノロジー,dynamic,ダイナミック,,,
2574,静的,名詞,テクノロジー,static,スタティック,,,
2575,視覚的,名詞,抽象概念,visual,ビジュアル,,,
2576,測定,名詞,テクノロジー,measuring (metrics),メジャリング,,,
2577,安定,名詞,抽象概念,stability,スタビリティ,,,
2578,不安定,名詞,抽象概念,instability,インスタビリティ,,,
2579,場合,名詞,基本名詞,case (situation),ケース,,,
2580,関係,名詞,社会,relationship,リレーションシップ,,,
2581,関連,名詞,抽象概念,relevance,レレバンス,,,connection
2582,連携,名詞,ビジネス,coordination (linkage),コーディネーション,,,
2583,交流,名詞,社会,interaction (exchange),インタラクション,,,
2584,接触,名詞,社会,physical contact,フィジカルコンタクト,,,
2585,接続,名詞,テクノロジー,connection (technical),コネクション,,,
2586,遭遇,名詞,日常生活,encounter,エンカウンター,,,
2587,出会い,名詞,日常生活,chance meeting,チャンスミーティング,,,
2588,別れ,名詞,感情,parting (farewell),パーティング,,,
2589,再会,名詞,感情,reunion,リユニオン,,,
2590,類似,名詞,抽象概念,similarity,シミラリティ,,,
2591,相違,名詞,抽象概念,difference (discrepancy),ディファレンス,,,
2592,差異,名詞,抽象概念,variance,バリアンス,,,
2593,伝わる,動詞,社会,be conveyed,ビーコンベイド,was conveyed,been conveyed,
2594,広まる,動詞,社会,become widespread,ビカムワイドスプレッド,became widespread,become widespread,
2595,深まる,動詞,抽象概念,grow deeper,グロウディーパー,grew deeper,grown deeper,
2596,高まる,動詞,抽象概念,escalate,エスカレート,escalated,escalated,
2597,強まる,動詞,抽象概念,intensify,インテンシファイ,intensified,intensified,
2598,弱まる,動詞,抽象概念,wane,ウェイン,waned,waned,
2599,広める,動詞,社会,propagate,プロパゲート,propagated,propagated,
2600,承知,名詞,ビジネス,acknowledgment,アクノリッジメント,,,
2601,把握,名詞,ビジネス,grasp (understanding),グラスプ,,,
2602,認識,名詞,抽象概念,recognition (awareness),レコグニション,,,
2603,理解,名詞,教育,comprehension,コンプリヘンション,,,
2604,共通,名詞,抽象概念,commonality,コモナリティ,,,
2605,独占,名詞,ビジネス,monopoly,モノポリー,,,
2606,連動,名詞,テクノロジー,interlocking,インターロッキング,,,
2607,連鎖,名詞,抽象概念,chain reaction,チェーンリアクション,,,
2608,波及,名詞,社会,ripple effect,リップルエフェクト,,,
2609,反映,名詞,抽象概念,reflection (impact),リフレクション,,,
2610,浸透,名詞,社会,penetration,ペネトレーション,,,
2611,便利,名詞,日常生活,convenient,コンビニエント,,,useful
2612,不便,名詞,日常生活,inconvenient,インコンビニエント,,,
2613,快適,名詞,日常生活,comfortable,コンフォータブル,,,
2614,不快,名詞,日常生活,uncomfortable,アンコンフォータブル,,,
2615,清潔,名詞,日常生活,hygienic (clean),ハイジェニック,,,
2616,不潔,名詞,日常生活,unclean,アンクリーン,,,unhygienic
2617,豊富,名詞,抽象概念,abundant,アバンダント,,,plentiful
2618,不足,名詞,ビジネス,shortage,ショーテージ,,,deficiency
2619,充実,名詞,抽象概念,fulfilling (substantial),フルフィリング,,,
2620,十分,名詞,基本名詞,sufficient,サフィシェント,,,adequate
2621,不十分,名詞,基本名詞,insufficient,インサフィシェント,,,
2622,適切,名詞,ビジネス,appropriate,アプロプリエイト,,,
2623,不適切,名詞,ビジネス,inappropriate,インアプロプリエイト,,,
2624,明確,名詞,抽象概念,clear (definite),クリア,,,
2625,曖昧,名詞,抽象概念,ambiguous,アンビギュアス,,,vague
2626,端末,名詞,テクノロジー,terminal (device),ターミナル,,,
2627,回線,名詞,テクノロジー,line (network),ネットワークライン,,,
2628,通信,名詞,テクノロジー,telecommunications,テレコミュニケーションズ,,,
2629,電波,名詞,テクノロジー,radio wave,レイディオウェーブ,,,signal
2630,周波数,名詞,テクノロジー,frequency,フリークエンシー,,,
2631,容量,名詞,テクノロジー,capacity (storage),キャパシティ,,,
2632,性能,名詞,テクノロジー,performance capability,パフォーマンスケイパビリティ,,,specs
2633,互換性,名詞,テクノロジー,compatibility,コンパティビリティ,,,
2634,汎用性,名詞,テクノロジー,versatility,バーサティリティ,,,
2635,拡張性,名詞,テクノロジー,expandability,エクスパンダビリティ,,,scalability
2636,操作性,名詞,テクノロジー,usability (operability),ユーザビリティ,,,
2637,利便性,名詞,ビジネス,convenience (formal term),コンビニエンス,,,
2638,世論,名詞,社会,public opinion,パブリックオピニオン,,,
2639,支持率,名詞,社会,approval rating,アプルーバルレーティング,,,
2640,投票率,名詞,社会,voter turnout,ボーターターンアウト,,,
2641,法案,名詞,社会,bill (legislation),ビル,,,
2642,施行,名詞,社会,enforcement (of law),エンフォースメント,,,
2643,改正,名詞,社会,revision,リビジョン,,,amendment
2644,廃止,名詞,社会,abolition,アボリション,,,
2645,制定,名詞,社会,enactment,エナクトメント,,,
2646,義務化,名詞,社会,mandating,マンデーティング,,,
2647,民間,名詞,社会,private sector,プライベートセクター,,,
2648,公的,名詞,社会,official (public),オフィシャル,,,
2649,自治体,名詞,社会,local government,ローカルガバメント,,,
2650,行政,名詞,社会,public administration,パブリックアドミニストレーション,,,
2651,辛抱,名詞,感情,fortitude,フォーティテュード,,,perseverance
2652,焦点,名詞,抽象概念,focal point,フォーカルポイント,,,
2653,集中,名詞,抽象概念,concentration (focus),コンセントレーション,,,
2654,分散,名詞,抽象概念,dispersion,ディスパージョン,,,
2655,統一,名詞,社会,unification,ユニフィケーション,,,
2656,統合,名詞,ビジネス,integration,インテグレーション,,,
2657,分裂,名詞,社会,split (division),スプリット,,,
2658,処置,名詞,健康,treatment (measure),トリートメント,,,
2659,配慮,名詞,感情,thoughtful care,ソートフルケア,,,
2660,信頼性,名詞,ビジネス,reliability,リライアビリティ,,,
2661,安全性,名詞,ビジネス,safety,セーフティ,,,
2662,持続性,名詞,ビジネス,sustainability,サステナビリティ,,,
2663,再現性,名詞,教育,reproducibility,リプロデューシビリティ,,,
2664,柔軟性,名詞,ビジネス,flexibility,フレキシビリティ,,,
2665,透明性,名詞,ビジネス,transparency,トランスペアレンシー,,,
2666,客観性,名詞,抽象概念,objectivity,オブジェクティビティ,,,
2667,主観,名詞,抽象概念,subjectivity,サブジェクティビティ,,,
2668,根本,名詞,抽象概念,core basis,コアベイシス,,,root cause
2669,本来,名詞,抽象概念,inherent nature,インヘレントネイチャー,,,
2670,最新,名詞,テクノロジー,latest,レイテスト,,,newest
2671,最先端,名詞,テクノロジー,cutting-edge,カッティングエッジ,,,
2672,最終,名詞,基本名詞,final (last),ファイナル,,,
2673,初期,名詞,基本名詞,initial (early stage),イニシャル,,,
2674,中期,名詞,基本名詞,medium-term,ミディアムターム,,,
2675,後期,名詞,基本名詞,latter period,ラターピリオド,,,
2676,長期,名詞,基本名詞,long-term,ロングターム,,,
2677,短期,名詞,基本名詞,short-term,ショートターム,,,
2678,優先,名詞,ビジネス,priority,プライオリティ,,,
2679,順序,名詞,抽象概念,sequence (order),シークエンス,,,
2680,段階,名詞,抽象概念,phase (stage),フェイズ,,,
2681,過程,名詞,抽象概念,process,プロセス,,,
2682,手順,名詞,ビジネス,procedure,プロシージャ,,,
2683,工程,名詞,ビジネス,workflow (process),ワークフロー,,,
2684,流れ,名詞,基本名詞,flow,フロー,,,
2685,経過,名詞,抽象概念,course (progression),コース,,,
2686,結論,名詞,抽象概念,takeaway (conclusion),テイクアウェイ,,,
2687,実際,名詞,抽象概念,actual fact,アクチュアルファクト,,,reality
2688,実質,名詞,抽象概念,substance (actual content),サブスタンス,,,
2689,形式,名詞,ビジネス,format,フォーマット,,,formality
2690,形式的,名詞,ビジネス,formal (procedural),フォーマル,,,
2691,建前,名詞,社会,public stance,パブリックスタンス,,,facade
2692,本音,名詞,感情,true feelings,トゥルーフィーリングズ,,,
2693,真相,名詞,抽象概念,the real story,ザリアルストーリー,,,truth behind
2694,真実,名詞,抽象概念,truth,トゥルース,,,
2695,感性,名詞,感情,sensibility,センシビリティ,,,
2696,直観,名詞,抽象概念,insight (intuitive),インサイト,,,
2697,洞察,名詞,抽象概念,perceptiveness,パーセプティブネス,,,insight
2698,考察,名詞,教育,analytical discussion,アナリティカルディスカッション,,,
2699,検証,名詞,教育,validation (testing),バリデーション,,,
2700,裏付け,名詞,ビジネス,corroboration,コロボレーション,,,backing
2701,立証,名詞,ビジネス,substantiation,サブスタンシエーション,,,
2702,一石二鳥,名詞,抽象概念,killing two birds with one stone,キリングトゥーバーズ,,,
2703,七転び八起き,名詞,抽象概念,falling down seven times getting up eight,フォーリングセブンタイムズ,,,never giving up
2704,油断大敵,名詞,抽象概念,complacency is the enemy,コンプレイセンシーイズジエネミー,,,
2705,自業自得,名詞,抽象概念,paying for one's own mistakes,ペイングフォーワンズミステイクス,,,
2706,臨機応変,名詞,抽象概念,adapting to circumstances,アダプティングトゥサーカムスタンシズ,,,flexibility
2707,以心伝心,名詞,抽象概念,telepathic understanding,テレパシックアンダースタンディング,,,
2708,一期一会,名詞,抽象概念,once-in-a-lifetime encounter,ワンスインアライフタイムエンカウンター,,,
2709,温故知新,名詞,抽象概念,learning from the past,ラーニングフロムザパスト,,,
2710,四苦八苦,名詞,抽象概念,great struggle,グレートストラグル,,,
2711,十人十色,名詞,抽象概念,to each their own,トゥーイーチゼアオウン,,,
2712,八方美人,名詞,感情,people-pleaser,ピープルプリーザー,,,
2713,猪突猛進,名詞,感情,headlong rush,ヘッドロングラッシュ,,,
2714,起死回生,名詞,抽象概念,comeback from the brink,カムバックフロムザブリンク,,,
2715,半信半疑,名詞,感情,half doubting,ハーフダウティング,,,skeptical
2716,自画自賛,名詞,感情,self-praise,セルフプレイズ,,,
2717,大丈夫,名詞,感情,fine (okay),ファイン,,,alright
2718,適当,名詞,感情,haphazard,ハザード,,,careless
2719,面倒,名詞,感情,troublesome,トラブルサム,,,bothersome
2720,無理,名詞,感情,unreasonable (impossible),アンリーズナブル,,,forced
2721,邪魔,名詞,感情,hindrance,ヒンドランス,,,obstacle
2722,迷惑,名詞,感情,nuisance,ニューサンス,,,trouble
2723,気楽,名詞,感情,carefree,ケアフリー,,,easygoing
2724,真剣,名詞,感情,serious (earnest),シリアス,,,earnest
2725,熱心,名詞,感情,enthusiastic,エンスージアスティック,,,eager
2726,素直,名詞,感情,obedient (honest),オビディエント,,,docile
2727,勝手,名詞,感情,selfish (as one pleases),セルフィッシュ,,,self-willed
2728,得意,名詞,感情,good at,グッドアット,,,proud
2729,苦手,名詞,感情,weak point (bad at),ウィークポイント,,,not good at
2730,平気,名詞,感情,unconcerned,アンコンサーンド,,,fine
2731,残念,名詞,感情,unfortunate (too bad),アンフォーチュネット,,,regrettable
2732,幸い,名詞,感情,fortunate,フォーチュネット,,,lucky
2733,不幸,名詞,感情,unhappy (misfortune),アンハッピー,,,misfortune
2734,大変,名詞,感情,tough (terrible),タフ,,,difficult
2735,結構,名詞,感情,quite (fine),クワイト,,,rather
2736,普通,名詞,基本名詞,normal,ノーマル,,,ordinary
2737,意外,名詞,感情,unexpected,アンエクスペクテッド,,,surprising
2738,微妙,名詞,感情,subtle (iffy),サトル,,,delicate
2739,最悪,名詞,感情,the worst,ザワースト,,,terrible
2740,最高,名詞,感情,the best,ザベスト,,,awesome
2741,無事,名詞,感情,safe (uneventful),セーフ,,,unharmed
2742,一緒,名詞,日常生活,together,トゥギャザー,,,
2743,別々,名詞,日常生活,separately,セパレートリー,,,individually
2744,同じ,名詞,基本名詞,the same,ザセイム,,,identical
2745,下手,名詞,感情,unskilled (bad at),アンスキルド,,,poor at
2746,上手,名詞,感情,skilled (good at),スキルド,,,good at
2747,有名,名詞,社会,famous,フェイマス,,,renowned
2748,立派,名詞,感情,admirable,アドマイラブル,,,splendid
2749,丈夫,名詞,健康,sturdy,スターディ,,,healthy
2750,当然,名詞,抽象概念,natural (obvious),ナチュラル,,,obvious
2751,当たり前,名詞,抽象概念,taken for granted,テイクンフォーグランティッド,,,obvious
2752,意地悪,名詞,感情,mean-spirited,ミーンスピリテッド,,,unkind
2753,生意気,名詞,感情,cheeky,チーキー,,,impudent
2754,贅沢,名詞,日常生活,luxurious (extravagant),ラグジュリアス,,,extravagance
2755,地味,名詞,感情,plain (subdued),プレイン,,,understated
2756,派手,名詞,感情,flashy,フラッシー,,,showy
2757,器用,名詞,感情,dexterous,デクスタラス,,,skillful with hands
2758,不器用,名詞,感情,clumsy,クラムジー,,,awkward
2759,几帳面,名詞,感情,meticulous,メティキュラス,,,punctilious
2760,大切,名詞,感情,precious (important),プレシャス,,,cherished
2761,必死,名詞,感情,desperate,デスパレット,,,frantic
2762,冷静,名詞,感情,calm (composed),カーム,,,composed
2763,積極的,名詞,感情,proactive,プロアクティブ,,,
2764,消極的,名詞,感情,passive,パッシブ,,,
2765,具体的,名詞,抽象概念,concrete (specific),コンクリート,,,
2766,抽象的,名詞,抽象概念,abstract,アブストラクト,,,
2767,現実的,名詞,抽象概念,realistic,リアリスティック,,,
2768,理想的,名詞,抽象概念,idealistic,アイディアリスティック,,,
2769,違う,動詞,基本動詞,be different (casual),ビーディファレント,was different,been different,be wrong
2770,慌てる,動詞,感情,panic (rush),パニック,panicked,panicked,fluster
2771,焦る,動詞,感情,hurry (feel rushed),ハリー,hurried,hurried,feel impatient
2772,びっくりする,動詞,感情,be startled,ビースタートルド,was startled,been startled,be surprised
2773,ほっとする,動詞,感情,feel relieved,フィールリリーブド,felt relieved,felt relieved,
2774,がっかりする,動詞,感情,be disappointed,ビーディサポインテッド,was disappointed,been disappointed,
2775,どきどきする,動詞,感情,have a pounding heart,ハブアパウンディングハート,had a pounding heart,had a pounding heart,be nervous
2776,わくわくする,動詞,感情,feel thrilled,フィールスリルド,felt thrilled,felt thrilled,be excited
2777,呆れる,動詞,感情,be exasperated,ビーイグザスパレイテッド,was exasperated,been exasperated,be amazed (negatively)
2778,感心する,動詞,感情,be impressed,ビーインプレスド,was impressed,been impressed,admire
2779,甘える,動詞,社会,act spoiled,アクトスポイルド,acted spoiled,acted spoiled,depend on someone's kindness
2780,遠慮する,動詞,社会,hold back (be reserved),ホールドバック,held back,held back,refrain
2781,気にする,動詞,感情,care about (mind),ケアアバウト,cared about,cared about,worry about
2782,苦労する,動詞,感情,go through hardship,ゴースルーハードシップ,went through hardship,gone through hardship,struggle
2783,助かる,動詞,感情,be saved (helped),ビーセイブド,was saved,been saved,be a relief
2784,困る,動詞,感情,be troubled,ビートラブルド,was troubled,been troubled,be at a loss
2785,すごい,形容詞,基本形容詞,amazing,アメイジング,,,incredible
2786,やばい,形容詞,基本形容詞,uh-oh (awesome),ウーオー,,,crazy (slang)
2787,もったいない,形容詞,基本形容詞,wasteful,ウェイストフル,,,
2788,しんどい,形容詞,基本形容詞,exhausting,イグゾースティング,,,tough
2789,きつい,形容詞,基本形容詞,tough (tight),タフ,,,harsh
2790,だるい,形容詞,基本形容詞,sluggish,スラギッシュ,,,lethargic
2791,うざい,形容詞,基本形容詞,annoying,アノーイング,,,irritating
2792,本気,名詞,感情,seriousness (for real),シリアスネス,,,earnestness
2793,油断,名詞,感情,carelessness (off guard),ケアレスネス,,,negligence
2794,根気,名詞,感情,perseverance (for tasks),パーサビアランス,,,patience
2795,気合,名詞,感情,spirit (determination),スピリット,,,fighting spirit
2796,負けず嫌い,名詞,感情,hating to lose,ヘイティングトゥールーズ,,,competitive spirit
2797,天然,名詞,感情,airheaded,エアヘッデッド,,,ditzy
2798,おっちょこちょい,名詞,感情,scatterbrained,スキャッターブレインド,,,
2799,図太い,形容詞,基本形容詞,thick-skinned,シックスキンド,,,brazen
2800,初耳,名詞,日常生活,first time hearing,ファーストタイムヒアリング,,,news to me
2801,呑気,名詞,感情,easygoing (laid-back),イージーゴーイング,,,carefree
2802,妥当,名詞,ビジネス,reasonable (valid),リーズナブル,,,
2803,正当,名詞,社会,justified,ジャスティファイド,,,legitimate
2804,不当,名詞,社会,unjust,アンジャスト,,,unfair
2805,不公平,名詞,社会,unfair,アンフェア,,,
2806,均衡,名詞,ビジネス,equilibrium,イクイリブリアム,,,balance
2807,冷淡,名詞,感情,cold-hearted,コールドハーテッド,,,indifferent
2808,温厚,名詞,感情,gentle-natured,ジェントルネイチャード,,,mild-mannered
2809,短気,名詞,感情,short-tempered,ショートテンパード,,,
2810,気長,名詞,感情,patient (laid-back),レイドバック,,,unhurried
2811,楽観的,名詞,感情,optimistic,オプティミスティック,,,
2812,悲観的,名詞,感情,pessimistic,ペシミスティック,,,
2813,内向的,名詞,感情,introverted,イントロバーテッド,,,
2814,外向的,名詞,感情,extroverted,エクストラバーテッド,,,
2815,保守的,名詞,社会,conservative,コンサバティブ,,,
2816,革新的,名詞,ビジネス,innovative,イノベーティブ,,,
2817,業績,名詞,ビジネス,business performance,ビジネスパフォーマンス,,,
2818,収益,名詞,ビジネス,gains (revenue),ゲインズ,,,
2819,損益,名詞,ビジネス,profit and loss,プロフィットアンドロス,,,
2820,財務,名詞,ビジネス,corporate finance,コーポレートファイナンス,,,
2821,経費,名詞,ビジネス,expenses (business),ビジネスエクスペンシズ,,,
2822,資産,名詞,ビジネス,assets,アセッツ,,,
2823,負債,名詞,ビジネス,liabilities,ライアビリティーズ,,,
2824,出資,名詞,ビジネス,funding (investment),ファンディング,,,
2825,融資,名詞,ビジネス,financing (loan),ファイナンシング,,,
2826,いいね,名詞,テクノロジー,like (social media),ライク,,,
2827,シェア,名詞,テクノロジー,share (social media),シェア,,,
2828,ハッシュタグ,名詞,テクノロジー,hashtag,ハッシュタグ,,,
2829,チャット,名詞,テクノロジー,chat,チャット,,,
2830,メッセージ,名詞,テクノロジー,message,メッセージ,,,
2831,人工知能,名詞,テクノロジー,artificial intelligence,アーティフィシャルインテリジェンス,,,AI
2832,ロボット,名詞,テクノロジー,robot,ロボット,,,
2833,オンライン,名詞,テクノロジー,online,オンライン,,,
2834,オフライン,名詞,テクノロジー,offline,オフライン,,,
2835,加湿器,名詞,日常生活,humidifier,ヒューミディファイアー,,,
2836,除湿器,名詞,日常生活,dehumidifier,ディヒューミディファイアー,,,
2837,空気清浄機,名詞,日常生活,air purifier,エアピュリファイアー,,,
2838,換気,名詞,日常生活,ventilation,ベンチレーション,,,
2839,観光地,名詞,場所,tourist spot,ツーリストスポット,,,
2840,名所,名詞,場所,famous place,フェイマスプレイス,,,landmark
2841,温泉,名詞,場所,hot spring,ホットスプリング,,,
2842,銭湯,名詞,場所,public bathhouse,パブリックバスハウス,,,
2843,旅館,名詞,場所,traditional inn,トラディショナルイン,,,ryokan
2844,定食,名詞,食べ物,set meal,セットミール,,,
2845,弁当,名詞,食べ物,boxed lunch,ボックスドランチ,,,bento
2846,おにぎり,名詞,食べ物,rice ball,ライスボール,,,onigiri
2847,惣菜,名詞,食べ物,prepared side dish,プリペアドサイドディッシュ,,,
2848,外食,名詞,日常生活,eating out,イーティングアウト,,,dining out
2849,自炊,名詞,日常生活,cooking for oneself,クッキングフォーワンセルフ,,,
2850,朝食,名詞,食べ物,breakfast,ブレックファスト,,,
2851,昼食,名詞,食べ物,lunch,ランチ,,,
2852,夕食,名詞,食べ物,dinner,ディナー,,,
2853,体調,名詞,健康,physical condition,フィジカルコンディション,,,
2854,不調,名詞,健康,being unwell,ビーイングアンウェル,,,off condition
2855,症状,名詞,健康,symptom,シンプトム,,,
2856,副作用,名詞,健康,side effect,サイドエフェクト,,,
2857,持病,名詞,健康,chronic condition,クロニックコンディション,,,
2858,健康診断,名詞,健康,health checkup,ヘルスチェックアップ,,,
2859,予防接種,名詞,健康,vaccination,バクシネーション,,,
2860,整理する,動詞,日常生活,organize (sort out),オーガナイズ,organized,organized,tidy up
2861,整える,動詞,日常生活,arrange (put in order),アレンジ,arranged,arranged,
2862,揃える,動詞,日常生活,gather (match a set),ギャザー,gathered,gathered,align
2863,詰める,動詞,日常生活,pack (stuff),パック,packed,packed,
2864,積む,動詞,日常生活,pile up (load),パイルアップ,piled up,piled up,stack
2865,積み重ねる,動詞,抽象概念,stack up,スタックアップ,stacked up,stacked up,accumulate
2866,崩す,動詞,基本動詞,break down (something),ブレイクダウン,broke down,broken down,collapse (transitive)
2867,崩れる,動詞,基本動詞,collapse,コラプス,collapsed,collapsed,crumble
2868,保つ,動詞,抽象概念,maintain (keep),メインテイン,maintained,maintained,keep up
2869,包む,動詞,日常生活,wrap,ラップ,wrapped,wrapped,
2870,開ける,動詞,基本動詞,open (something),オープン,opened,opened,
2871,閉じる,動詞,基本動詞,close (something),クローズ,closed,closed,shut
2872,結ぶ,動詞,日常生活,tie (bind),タイ,tied,tied,fasten
2873,解く,動詞,日常生活,untie,アンタイ,untied,untied,undo
2874,縛る,動詞,日常生活,bind,バインド,bound,bound,tie up
2875,貼る,動詞,日常生活,stick (paste),スティック,stuck,stuck,affix
2876,剥がす,動詞,日常生活,peel off,ピールオフ,peeled off,peeled off,remove
2877,眩しい,形容詞,基本形容詞,dazzling,ダズリング,,,glaring
2878,蒸し暑い,形容詞,基本形容詞,humid and hot,ヒューミッドアンドホット,,,muggy
2879,肌寒い,形容詞,基本形容詞,chilly,チリー,,,
2880,涼しい,形容詞,基本形容詞,cool (refreshing),クール,,,
2881,湿っぽい,形容詞,基本形容詞,damp,ダンプ,,,moist
2882,絆,名詞,感情,bond,ボンド,,,tie
2883,信頼関係,名詞,社会,relationship of trust,リレーションシップオブトラスト,,,
2884,上下関係,名詞,社会,hierarchical relationship,ハイアラーキカルリレーションシップ,,,
2885,距離感,名詞,感情,sense of distance,センスオブディスタンス,,,
2886,相性,名詞,感情,compatibility (with a person),パーソナルコンパティビリティ,,,chemistry
2887,気配り,名詞,感情,thoughtfulness (attentiveness),アテンティブネス,,,consideration
2888,恩,名詞,社会,debt of gratitude,デットオブグラティテュード,,,favor owed
2889,義理,名詞,社会,social obligation,ソーシャルオブリゲーション,,,duty
2890,習得,名詞,教育,acquisition (of a skill),スキルアクイジション,,,mastering
2891,獲得,名詞,ビジネス,acquisition (gaining),ゲイニング,,,obtaining
2892,向上心,名詞,感情,ambition to improve,アンビショントゥインプルーブ,,,drive to grow
2893,成長期,名詞,健康,growth period,グロウスピリオド,,,
2894,伸びしろ,名詞,感情,room for growth,ルームフォーグロウス,,,growth potential
2895,素質,名詞,感情,aptitude,アプティテュード,,,talent
2896,潜在能力,名詞,感情,latent potential,レイテントポテンシャル,,,
2897,派手さ,名詞,感情,flashiness,フラッシーネス,,,
2898,控えめ,名詞,感情,modest (reserved),モデスト,,,understated
2899,地道,名詞,感情,steady (down-to-earth),ステディ,,,plodding
2900,堅実,名詞,ビジネス,steady and reliable,ステディアンドライアブル,,,solid
2901,慎重,名詞,感情,cautious,コーシャス,,,careful
2902,大胆,名詞,感情,bold,ボールド,,,daring
2903,独創的,名詞,感情,original (creative),クリエイティブ,,,inventive
2904,型破り,名詞,感情,unconventional,アンコンベンショナル,,,groundbreaking
2905,柔軟,名詞,ビジネス,flexible,フレキシブル,,,adaptable
2906,大幅,名詞,ビジネス,substantial (extensive),サブスタンシャル,,,significant
2907,急激,名詞,ビジネス,rapid (sudden),ラピッド,,,abrupt
2908,飛躍的,名詞,ビジネス,dramatic (leap-like),ドラマティック,,,remarkable
2909,過剰,名詞,ビジネス,excessive,エクセッシブ,,,surplus
2910,打ち合わせ,名詞,ビジネス,meeting (business),ビジネスミーティング,,,
2911,報告,名詞,ビジネス,report,リポート,,,
2912,相談,名詞,社会,consultation,コンサルテーション,,,
2913,進捗,名詞,ビジネス,progress (status),ステータス,,,
2914,改善策,名詞,ビジネス,improvement measure,インプルーブメントメジャー,,,
2915,対策,名詞,ビジネス,countermeasure,カウンターメジャー,,,
2916,課題,名詞,ビジネス,issue (task to solve),イシュー,,,challenge
2917,懸念,名詞,ビジネス,concern (worry),コンサーン,,,
2918,特有,名詞,抽象概念,peculiar to,ペキュリアートゥ,,,characteristic of
2919,先入観,名詞,抽象概念,preconception,プリコンセプション,,,bias
2920,固定観念,名詞,抽象概念,fixed mindset,フィックストマインドセット,,,stereotype
2921,決まり文句,名詞,趣味,cliché,クリシェ,,,stock phrase
2922,手本,名詞,教育,model (example),モデル,,,exemplar
2923,見本,名詞,ビジネス,sample,サンプル,,,
2924,実例,名詞,教育,concrete example,コンクリートイグザンプル,,,
2925,事例,名詞,ビジネス,case example,ケースイグザンプル,,,
2926,前例,名詞,社会,precedent,プレシデント,,,
2927,慣例,名詞,社会,custom (convention),コンベンション,,,
2928,恒例,名詞,社会,annual tradition,アニュアルトラディション,,,
2929,見つめる,動詞,感情,gaze at,ゲイズアット,gazed at,gazed at,stare at
2930,眺める,動詞,趣味,gaze out at,ゲイズアウトアット,gazed out at,gazed out at,view
2931,覗く,動詞,日常生活,peek,ピーク,peeked,peeked,peer into
2932,振り返る,動詞,抽象概念,look back (reflect),ルックバック,looked back,looked back,reflect on
2933,振り向く,動詞,日常生活,turn around,ターンアラウンド,turned around,turned around,
2934,見守る,動詞,感情,watch over,ウォッチオーバー,watched over,watched over,
2935,見逃す,動詞,基本動詞,miss (overlook),ミス,missed,missed,let slip
2936,見落とす,動詞,基本動詞,overlook,オーバールック,overlooked,overlooked,miss
2937,乗り換え,名詞,日常生活,transfer (train),トレイントランスファー,,,
2938,時刻表,名詞,日常生活,timetable,タイムテーブル,,,schedule
2939,運賃,名詞,日常生活,fare,フェア,,,
2940,往復,名詞,日常生活,round trip,ラウンドトリップ,,,
2941,片道,名詞,日常生活,one way,ワンウェイ,,,
2942,サブスク,名詞,ビジネス,subscription service,サブスクリプション,,,
2943,ポイント,名詞,ビジネス,reward points,リワードポイント,,,
2944,クーポン,名詞,ビジネス,coupon,クーポン,,,
2945,体力,名詞,健康,physical strength,フィジカルストレングス,,,stamina
2946,気力,名詞,感情,mental energy,メンタルエナジー,,,willpower
2947,集中力,名詞,抽象概念,concentration ability,コンセントレーションアビリティ,,,
2948,判断力,名詞,抽象概念,judgment ability,ジャッジメントアビリティ,,,
2949,想像力,名詞,抽象概念,imaginative power,イマジナティブパワー,,,
2950,忍耐力,名詞,感情,power of patience,パワーオブペイシェンス,,,
2951,精神力,名詞,感情,mental strength,メンタルストレングス,,,
2952,行動力,名詞,抽象概念,ability to take action,アビリティトゥテイクアクション,,,
2953,実行力,名詞,ビジネス,execution ability,エクセキューションアビリティ,,,
2954,発想力,名詞,抽象概念,idea-generating ability,アイディアジェネレーティングアビリティ,,,
2955,表現力,名詞,趣味,expressive ability,エクスプレッシブアビリティ,,,
2956,根性,名詞,感情,guts (grit),ガッツ,,,
2957,度胸,名詞,感情,nerve (courage),ナーブ,,,
2958,自制心,名詞,感情,self-control,セルフコントロール,,,
2959,忍耐強い,形容詞,基本形容詞,patient (persistent),パーシステント,,,tenacious
2960,粘り強い,形容詞,基本形容詞,tenacious,テネイシャス,,,persistent
2961,統率力,名詞,ビジネス,leadership ability,リーダーシップアビリティ,,,
2962,協調性,名詞,感情,cooperativeness,コーオペレーティブネス,,,
2963,社交性,名詞,感情,sociability,ソーシャビリティ,,,
2964,バランス感覚,名詞,感情,sense of balance,センスオブバランス,,,
2965,危機感,名詞,感情,sense of crisis,センスオブクライシス,,,
2966,責任感,名詞,感情,sense of responsibility,センスオブレスポンシビリティ,,,
2967,使命感,名詞,感情,sense of mission,センスオブミッション,,,
2968,満足度,名詞,ビジネス,satisfaction level,サティスファクションレベル,,,
2969,完成度,名詞,趣味,degree of completion,ディグリーオブコンプリーション,,,polish
2970,精度,名詞,テクノロジー,precision,プレシジョン,,,accuracy
2971,イライラする,動詞,感情,be irritated,ビーイリテイテッド,was irritated,been irritated,be annoyed
2972,ソワソワする,動詞,感情,be restless,ビーレストレス,was restless,been restless,be fidgety
2973,ウキウキする,動詞,感情,be in high spirits,ビーインハイスピリッツ,was in high spirits,been in high spirits,be cheerful
2974,ヒヤヒヤする,動詞,感情,be on edge,ビーオンエッジ,was on edge,been on edge,be nervous
2975,ハラハラする,動詞,感情,be on the edge of one's seat,ビーオンジエッジオブワンズシート,was on the edge of one's seat,been on the edge of one's seat,feel suspense
2976,モヤモヤする,動詞,感情,feel unclear unease,フィールアンクリアアニーズ,felt unclear unease,felt unclear unease,feel uneasy
2977,ゾクゾクする,動詞,感情,get chills,ゲットチルズ,got chills,gotten chills,feel a thrill
2978,ドキッとする,動詞,感情,be startled momentarily,ビースタートルドモメンタリリー,was startled momentarily,been startled momentarily,
2979,ゴロゴロする,動詞,日常生活,lounge around,ラウンジアラウンド,lounged around,lounged around,laze about
2980,ボーッとする,動詞,感情,space out,スペースアウト,spaced out,spaced out,zone out
2981,イキイキする,動詞,感情,be lively,ビーライブリー,was lively,been lively,be vibrant
2982,キラキラする,動詞,自然,sparkle (shine),スパークル,sparkled,sparkled,glitter
2983,ニコニコする,動詞,感情,smile cheerfully,スマイルチアフリー,smiled cheerfully,smiled cheerfully,beam
2984,バタバタする,動詞,日常生活,be busy (frantic),ビービジー,was busy,been busy,rush around
2985,フラフラする,動詞,健康,feel dizzy,フィールディジー,felt dizzy,felt dizzy,feel unsteady
2986,ヘトヘトになる,動詞,健康,become exhausted,ビカムイグゾースティド,became exhausted,become exhausted,
2987,ぐったりする,動詞,健康,become listless,ビカムリストレス,became listless,become listless,be worn out
2988,ぷんぷんする,動詞,感情,be visibly angry,ビービジブリーアングリー,was visibly angry,been visibly angry,pout angrily
2989,ぐずぐずする,動詞,日常生活,dawdle,ドードル,dawdled,dawdled,dally
2990,もたもたする,動詞,日常生活,be slow (fumbling),ビーファンブリング,was fumbling,been fumbling,fumble
2991,うろうろする,動詞,日常生活,wander around,ワンダーアラウンド,wandered around,wandered around,loiter
2992,はきはきする,動詞,感情,speak briskly,スピークブリスクリー,spoke briskly,spoken briskly,be crisp
2993,てきぱきする,動詞,ビジネス,work efficiently,ワークエフィシェントリー,worked efficiently,worked efficiently,be brisk
2994,不均衡,名詞,ビジネス,imbalance,インバランス,,,
2995,借入,名詞,ビジネス,borrowing,ボローイング,,,
2996,冷凍庫,名詞,日常生活,freezer,フリーザー,,,
2997,民宿,名詞,場所,guesthouse,ゲストハウス,,,
2998,間食,名詞,食べ物,snacking between meals,スナッキング,,,
2999,型,名詞,趣味,pattern (mold),パターン,,,mold
3000,対等,名詞,社会,equal footing,イコールフッティング,,,parity
3001,均等,名詞,ビジネス,evenness (equal distribution),イーブンネス,,,
